{
    "anomaly_count": 29,
    "anomaly_rate": 0.25,
    "threshold": 0.21262286331419256,
    "mean_score": 0.27036123359984116,
    "max_score": 1.6325988809968162,
    "timestamp": "2025-04-09 13:08:37"
}