{"threshold": 0.21262286331419256, "feature_thresholds": [0.2261736190682166, 0.1909897910311137, 0.233494230743588, 0.18208915345389076, 0.09846856103134788], "mean": [73.3045652173913, 116.02608695652174, 77.1804347826087, 15.346521739130434, 97.51565217391293], "std": [6.938625414089673, 8.890357130367827, 5.558781519800646, 1.0039318732111, 2.9447179330292332], "config": {"input_dim": 5, "encoding_dims": [32, 16, 8], "dropout_rate": 0.2, "learning_rate": 0.001, "model_path": "models/vital_signs_autoencoder.keras", "threshold_multiplier": 3.0, "standardize_input": true}}